Customer,P/Q only RMSE (V),P/Q + Vref RMSE (V)
1,0.56411546,0.018392844
2,0.7094976,0.025436973
3,0.6489812,0.025153358
4,0.57287246,0.023708824
5,0.7521548,0.03201414
6,0.66000175,0.026363127
7,0.5642978,0.027801039
8,0.73683697,0.042774543
9,0.6523729,0.034059487
10,0.5761411,0.029734189
11,0.739425,0.04112515
12,0.6528564,0.039666116
13,0.56744933,0.037427448
14,0.7465756,0.045619287
15,0.648879,0.036715638
16,0.57445437,0.04486516
17,0.7357139,0.058041766
18,0.6548173,0.049783282
19,0.5884251,0.055577107
20,0.7447575,0.054893155
21,0.66217124,0.059402637
22,0.579683,0.057289083
23,0.75019825,0.06059054
24,0.670091,0.066627406
25,0.58498156,0.054938566
26,0.75160676,0.07053145
27,0.66578466,0.054700784
28,0.5638067,0.05696716
29,0.7452684,0.06958172
30,0.6695726,0.053265814
31,0.5804938,0.05401721
