customer,P/Q only RMSE (V),P/Q + Vref RMSE (V)
4,0.5629372,0.012787815
5,0.69451797,0.0142998025
6,0.62976974,0.012600087
7,0.5643283,0.008957959
8,0.7017656,0.01679922
9,0.6254411,0.010716671
10,0.56091523,0.009469331
11,0.6990488,0.010808552
12,0.62831384,0.010101625
13,0.56485003,0.0061370535
14,0.6976662,0.016451681
15,0.62631035,0.010810425
16,0.566305,0.011620513
17,0.7007131,0.013179965
18,0.6359965,0.014133798
19,0.5694961,0.019493943
20,0.70458263,0.014268933
21,0.63677025,0.014180422
22,0.571272,0.020759663
23,0.7056185,0.020621756
24,0.631754,0.02491532
25,0.5667269,0.013576968
26,0.700519,0.022934442
27,0.63470286,0.015377282
28,0.5652821,0.017427003
29,0.69981116,0.020937596
30,0.6388443,0.013280029
31,0.5671817,0.015492985
