Customer,P/Q only RMSE (V),P/Q + Vref RMSE (V),RMSE reduction (V)
4,0.5320748,0.0153801255,0.51669466
5,0.67595863,0.01996501,0.65599364
6,0.60682404,0.0147678945,0.59205616
7,0.531027,0.014148876,0.5168781
8,0.6745916,0.020426726,0.65416485
9,0.60579836,0.015633069,0.5901653
10,0.53477067,0.02193073,0.5128399
11,0.67256904,0.026665173,0.6459039
12,0.6071576,0.014276957,0.5928806
13,0.5329975,0.018586392,0.5144111
14,0.67223275,0.017954133,0.65427864
15,0.6041639,0.015973482,0.5881904
16,0.5328716,0.022205302,0.5106663
17,0.68179214,0.033545118,0.648247
18,0.61238444,0.022038959,0.5903455
19,0.53665984,0.032667022,0.5039928
20,0.68654186,0.047103982,0.63943785
21,0.61190355,0.032484446,0.5794191
22,0.53974205,0.031891864,0.50785017
23,0.6811573,0.035586175,0.6455711
24,0.6025845,0.02562609,0.5769584
25,0.53852004,0.041723233,0.49679682
26,0.6815506,0.037850164,0.6437005
27,0.6003893,0.016103968,0.5842853
28,0.5388368,0.039627716,0.49920905
29,0.6841475,0.036613457,0.647534
30,0.6115139,0.026464256,0.5850496
31,0.53770167,0.033882357,0.5038193
