seed,train_RMSE,test_RMSE,test_MAE,max_abs_error,training_time_seconds
1,0.009299126453697681,0.01234578900039196,0.007467737887054682,0.189605712890625,137.1713831424713
9,0.009312002919614315,0.012519734911620617,0.007434967905282974,0.1904144287109375,136.51953601837158
6,0.009403428062796593,0.012429251335561275,0.0075940885581076145,0.19146728515625,136.58783841133118
0,0.009419630281627178,0.012510445900261402,0.007349974941462278,0.191162109375,138.02212500572205
5,0.00943845696747303,0.01245849672704935,0.007368266582489014,0.1927490234375,136.51574730873108
3,0.009458936750888824,0.012565854005515575,0.007450175005942583,0.1929931640625,136.48425030708313
2,0.009669778868556023,0.012689324095845222,0.00816612783819437,0.1863250732421875,137.19128131866455
7,0.009768154472112656,0.01274191401898861,0.008241829462349415,0.1813812255859375,136.64928150177002
8,0.009922890923917294,0.012849969789385796,0.008384245447814465,0.192352294921875,136.76363587379456
4,0.010059664025902748,0.013049543835222721,0.008721079677343369,0.1871337890625,136.39211583137512
