hidden_multiplier,activation,lr,weight_decay,batch_size,epochs,hidden_neurons,RMSE_kfold,RMSE_std,train_time_s
5,tanh,0.0001,1e-05,72,2000,155,0.010986178182065487,0.0005933901798110611,260.7126054763794
3,tanh,0.0001,1e-05,72,2000,93,0.011057763981322447,0.0010030227418309746,249.48369789123535
5,tanh,0.0001,1e-05,72,1000,155,0.011155962323149046,0.0011248299272494514,130.43713402748108
3,tanh,0.001,1e-05,72,1000,93,0.011736996471881866,0.0010977193116273446,127.62653088569641
3,tanh,0.0001,1e-05,72,1000,93,0.011822710745036602,0.00117206267218459,124.89752840995789
3,tanh,0.001,1e-05,72,2000,93,0.012154047998289267,0.0004264908431474139,250.09305238723755
5,tanh,0.001,1e-05,72,2000,155,0.012832856737077236,0.0010060572155817717,260.21942806243896
5,tanh,0.001,1e-05,72,1000,155,0.013700831060608229,0.0020508679200096536,129.70850896835327
5,tanh,0.0001,0.0001,72,1000,155,0.05526788532733917,0.001336416517097997,130.32689714431763
5,tanh,0.0001,0.0001,72,2000,155,0.055275739481051765,0.0009136356665364091,259.67912435531616
3,tanh,0.0001,0.0001,72,1000,93,0.05566352109114329,0.001449526012193938,125.28731775283813
3,tanh,0.0001,0.0001,72,2000,93,0.05578009908397993,0.001178006583479818,249.7779517173767
5,tanh,0.001,0.0001,72,2000,155,0.056659227857987084,0.0007229083244544156,260.628573179245
5,tanh,0.001,0.0001,72,1000,155,0.05683216700951258,0.0024827758460361222,130.65851354599
3,tanh,0.001,0.0001,72,2000,93,0.058123105516036354,0.002061909229631989,254.2178373336792
3,tanh,0.001,0.0001,72,1000,93,0.05915027360121409,0.0010507406842621236,128.5075011253357
