seed,hidden_neurons,fold_1_RMSE,fold_2_RMSE,fold_3_RMSE,fold_1_best_epoch,fold_2_best_epoch,fold_3_best_epoch,RMSE_kfold,RMSE_std,median_best_epoch,mean_epochs_trained,train_time_s
0,155,0.012942862696945667,0.011201462708413601,0.012075687758624554,223,218,216,0.01207333772132794,0.0007109255104070758,218,239.0,80.4403350353241
7,155,0.013284172862768173,0.011493990197777748,0.012243319302797318,181,182,222,0.012340494121114412,0.0007340620784349125,182,215.0,72.69319248199463
6,155,0.014208015985786915,0.011746997945010662,0.011195722036063671,186,221,196,0.012383578655620417,0.001309555894371607,196,221.0,87.40042304992676
3,155,0.014088189229369164,0.012159778736531734,0.012172173708677292,229,213,212,0.012806713891526064,0.0009061540303056238,213,238.0,77.32192969322205
4,155,0.014502507634460926,0.012243540957570076,0.01319888886064291,208,229,217,0.013314979150891304,0.0009258654792294937,217,238.0,79.50309777259827
9,155,0.017172420397400856,0.010741847567260265,0.012401873245835304,232,223,217,0.013438713736832142,0.002725722581110498,223,244.0,84.28256177902222
8,155,0.014435685239732265,0.017255982384085655,0.013774429447948933,228,213,218,0.015155365690588951,0.0015096926122646116,218,239.66666666666666,78.2628824710846
2,155,0.014386742375791073,0.01267139334231615,0.018726270645856857,148,192,199,0.015261468787988028,0.002548103152331071,192,199.66666666666666,66.91417121887207
5,155,0.014187412336468697,0.013566609472036362,0.018149560317397118,201,199,153,0.015301194041967392,0.002029982245961099,199,204.33333333333334,69.86595892906189
1,155,0.013531097210943699,0.012668079696595669,0.02212585136294365,211,231,213,0.01610834275682767,0.004269582897350962,213,238.33333333333334,76.44239377975464
