seed,hidden_neurons,fold_1_RMSE,fold_2_RMSE,fold_3_RMSE,RMSE_kfold,RMSE_std,train_time_s
1,155,0.06658270210027695,0.06730207055807114,0.07511332631111145,0.06966603298981984,0.003862997639196655,15.001879930496216
5,155,0.06928180903196335,0.07186628133058548,0.07041029632091522,0.07051946222782135,0.0010579263244697994,14.176043272018433
8,155,0.07151500880718231,0.06995104253292084,0.07583987712860107,0.07243530948956807,0.002490623514078336,22.314579486846924
3,155,0.07418303936719894,0.0724102184176445,0.07360102236270905,0.0733980933825175,0.0007378385812836329,24.832998991012573
6,155,0.07489699870347977,0.07301652431488037,0.07272891700267792,0.07354748000701268,0.0009614503022669237,20.91332483291626
9,155,0.07300717383623123,0.07252449542284012,0.07519572973251343,0.07357579966386159,0.001162289316587511,10.407047033309937
7,155,0.07682877033948898,0.07081975042819977,0.07685763388872147,0.07483538488547008,0.002839506805407235,23.08621883392334
0,155,0.07260456681251526,0.07363509386777878,0.07890361547470093,0.07504775871833165,0.0027587702570936027,10.040132999420166
4,155,0.07437796145677567,0.07302169501781464,0.07805504649877548,0.07515156765778859,0.0021264221434774623,21.440043449401855
2,155,0.07408490031957626,0.07503014802932739,0.07934923470020294,0.07615476101636887,0.0022915598611322635,17.246935606002808
