hidden_multiplier,activation,lr,weight_decay,batch_size,epochs,hidden_neurons,fold_1_RMSE,fold_2_RMSE,fold_3_RMSE,RMSE_kfold,RMSE_std,train_time_s
5,tanh,0.001,1e-05,72,40,155,0.07316432893276215,0.07235812395811081,0.08024599403142929,0.07525614897410075,0.003543671061427467,23.349242210388184
3,tanh,0.001,1e-05,72,40,93,0.07917691022157669,0.07788517326116562,0.08793729543685913,0.08166645963986714,0.004465398995860659,10.177861213684082
5,tanh,0.001,0.0001,72,40,155,0.08594415336847305,0.08488490432500839,0.093574658036232,0.08813457190990448,0.0038709520732774106,23.39297580718994
3,tanh,0.001,0.0001,72,40,93,0.09319248795509338,0.08691500872373581,0.10085038095712662,0.09365262587865193,0.005698388368788288,22.53339385986328
5,tanh,0.001,1e-05,72,20,155,0.10454245656728745,0.10163398087024689,0.11359795928001404,0.10659146557251613,0.005094639226675741,13.76373839378357
5,tanh,0.001,0.0001,72,20,155,0.10727265477180481,0.10593455284833908,0.11796130239963531,0.1103895033399264,0.005381866772775177,13.9793701171875
3,tanh,0.001,1e-05,72,20,93,0.12022855877876282,0.11787232011556625,0.12903578579425812,0.12237888822952907,0.004804420121093858,7.695353746414185
3,tanh,0.001,0.0001,72,20,93,0.12075189501047134,0.11882073432207108,0.1297726035118103,0.12311507761478424,0.00477314248011972,13.297230243682861
5,tanh,0.0001,1e-05,72,40,155,0.21419252455234528,0.21747325360774994,0.20904500782489777,0.21357026199499765,0.003468836477528544,10.182175636291504
5,tanh,0.0001,0.0001,72,40,155,0.2151133120059967,0.2174239158630371,0.2084757536649704,0.21367099384466806,0.003792766179593405,16.975796461105347
3,tanh,0.0001,0.0001,72,40,93,0.2543724775314331,0.23726126551628113,0.2512659728527069,0.24763323863347372,0.0074429368122877065,23.022820234298706
3,tanh,0.0001,1e-05,72,40,93,0.25488951802253723,0.2390952706336975,0.25391659140586853,0.24930046002070108,0.007227081677911838,22.62378692626953
5,tanh,0.0001,0.0001,72,20,155,0.3104144036769867,0.29553645849227905,0.2867182195186615,0.2975563605626424,0.009778796422079395,14.663882493972778
5,tanh,0.0001,1e-05,72,20,155,0.3111077547073364,0.2970859110355377,0.2878600060939789,0.298684557278951,0.009557935839086857,6.25569486618042
3,tanh,0.0001,0.0001,72,20,93,0.33443349599838257,0.2955591678619385,0.3149821162223816,0.3149915933609009,0.015870379419474046,13.606415271759033
3,tanh,0.0001,1e-05,72,20,93,0.3355310261249542,0.2966136336326599,0.3167340159416199,0.3162928918997447,0.015891020575890476,14.096423149108887
