customer,phase,section,hops,MV P/Q-only,MV effect std [V],own demand std [kW],own voltage std [V]
4,1,"Upstream
C1-C10",4,0.53057927,0.494692,0.59179956,0.18986124
5,2,"Upstream
C1-C10",5,0.6732035,0.59997374,0.52030116,0.18802112
6,3,"Upstream
C1-C10",6,0.600812,0.5412776,0.849798,0.19613743
7,1,"Upstream
C1-C10",7,0.53528106,0.49497193,0.7413208,0.26126307
8,2,"Upstream
C1-C10",7,0.6617507,0.6001424,1.0751845,0.24592224
9,3,"Upstream
C1-C10",8,0.61002755,0.54141176,0.36753327,0.21211384
10,1,"Upstream
C1-C10",8,0.52624077,0.49504292,0.67419285,0.28906405
11,2,"Mid feeder
C11-C18",9,0.67796254,0.6002655,0.40605262,0.24678963
12,3,"Mid feeder
C11-C18",9,0.61114633,0.5415158,0.4743631,0.23010457
13,1,"Mid feeder
C11-C18",10,0.53872466,0.49521953,0.44533733,0.3134478
14,2,"Mid feeder
C11-C18",10,0.67354363,0.60032254,0.85156244,0.27636904
15,3,"Mid feeder
C11-C18",11,0.61633384,0.54166317,0.47368595,0.25274074
16,1,"Mid feeder
C11-C18",12,0.5342444,0.49536505,0.7486936,0.36088276
17,2,"Mid feeder
C11-C18",13,0.6859419,0.6005333,0.47827414,0.298183
18,3,"Mid feeder
C11-C18",14,0.62659454,0.5418314,0.4434791,0.2900731
19,1,"Downstream
C19-C26",15,0.542501,0.49545425,0.79481167,0.4092706
20,2,"Downstream
C19-C26",16,0.6944509,0.6006945,0.56084365,0.31839892
21,3,"Downstream
C19-C26",17,0.63732225,0.54191303,0.38548923,0.30637732
22,1,"Downstream
C19-C26",17,0.5393853,0.49546215,0.7957501,0.4204406
23,2,"Downstream
C19-C26",18,0.69944465,0.6008147,0.62499833,0.33144924
24,3,"Downstream
C19-C26",18,0.636465,0.5419565,0.6299599,0.31637326
25,1,"Downstream
C19-C26",19,0.5360753,0.4954679,0.5365846,0.41522956
26,2,"Downstream
C19-C26",19,0.7060122,0.60078025,0.4608038,0.32873666
27,3,"End spur
C27-C31",16,0.62722564,0.5419097,0.49322325,0.30585665
28,1,"End spur
C27-C31",16,0.540598,0.49549398,0.6574063,0.40264004
29,2,"End spur
C27-C31",17,0.692356,0.6007249,0.72655964,0.33482757
30,3,"End spur
C27-C31",18,0.63287365,0.5419177,0.40029794,0.30817494
31,1,"End spur
C27-C31",19,0.5344858,0.49551982,0.56363577,0.41698927
