model,section,n_customers,rmse,mae,max_deviation
LV P/Q-only,"Upstream
C1-C10",7,0.009776134043931961,0.006206516642123461,0.11865234375
LV P/Q-only,"Mid feeder
C11-C18",8,0.010483236983418465,0.006856856867671013,0.2046051025390625
LV P/Q-only,"Downstream
C19-C26",8,0.01714521460235119,0.010460125282406807,0.18231201171875
LV P/Q-only,"End spur
C27-C31",5,0.014214284718036652,0.009130158461630344,0.172576904296875
MV P/Q-only,"Upstream
C1-C10",7,0.5939210057258606,0.4428638219833374,2.399444580078125
MV P/Q-only,"Mid feeder
C11-C18",8,0.6230409145355225,0.4622776210308075,2.4384765625
MV P/Q-only,"Downstream
C19-C26",8,0.6278759837150574,0.46602997183799744,2.4821014404296875
MV P/Q-only,"End spur
C27-C31",5,0.6084766387939453,0.45306000113487244,2.433990478515625
MV + Vref,"Upstream
C1-C10",7,0.016475660726428032,0.012434426695108414,0.1656341552734375
MV + Vref,"Mid feeder
C11-C18",8,0.015793878585100174,0.010972387157380581,0.27545166015625
MV + Vref,"Downstream
C19-C26",8,0.02490333653986454,0.016142312437295914,0.2441864013671875
MV + Vref,"End spur
C27-C31",5,0.019820528104901314,0.01402096264064312,0.191375732421875
