model,phase,n_customers,rmse,mae,max_deviation
LV P/Q-only,1,10,0.01249468419700861,0.0075264908373355865,0.18231201171875
LV P/Q-only,2,9,0.014685988426208496,0.009114564396440983,0.2046051025390625
LV P/Q-only,3,9,0.012506959959864616,0.00781514123082161,0.1805572509765625
MV P/Q-only,1,10,0.5358313918113708,0.40726515650749207,1.885498046875
MV P/Q-only,2,9,0.6850970983505249,0.5093277096748352,2.4821014404296875
MV P/Q-only,3,9,0.6222097873687744,0.4594673812389374,2.2647552490234375
MV + Vref,1,10,0.01744488626718521,0.012239431031048298,0.22674560546875
MV + Vref,2,9,0.022613469511270523,0.015055656433105469,0.27545166015625
MV + Vref,3,9,0.01878480426967144,0.012907574884593487,0.2144012451171875
