customer,phase,branch,section,hops,MV P/Q-only,LV P/Q-only,MV + Vref,improvement [%]
4,1,main,"Upstream
C1-C10",4,0.53057927,0.007537767,0.015724972,97.03627
5,2,main,"Upstream
C1-C10",5,0.6732035,0.008077742,0.016095089,97.60918
6,3,main,"Upstream
C1-C10",6,0.600812,0.009483634,0.016006356,97.335884
7,1,main,"Upstream
C1-C10",7,0.53528106,0.010289894,0.01454324,97.283066
8,2,main,"Upstream
C1-C10",7,0.6617507,0.01433508,0.022905052,96.53872
9,3,main,"Upstream
C1-C10",8,0.61002755,0.007249301,0.0153251095,97.4878
10,1,main,"Upstream
C1-C10",8,0.52624077,0.009647473,0.012907193,97.54728
11,2,main,"Mid feeder
C11-C18",9,0.67796254,0.009243467,0.014485693,97.86335
12,3,main,"Mid feeder
C11-C18",9,0.61114633,0.009274605,0.01209516,98.020905
13,1,main,"Mid feeder
C11-C18",10,0.53872466,0.008219948,0.012413245,97.69581
14,2,main,"Mid feeder
C11-C18",10,0.67354363,0.014919715,0.025339294,96.237915
15,3,main,"Mid feeder
C11-C18",11,0.61633384,0.007620312,0.012706115,97.93844
16,1,main,"Mid feeder
C11-C18",12,0.5342444,0.012187848,0.012721004,97.61888
17,2,main,"Mid feeder
C11-C18",13,0.6859419,0.009337565,0.013297693,98.06139
18,3,main,"Mid feeder
C11-C18",14,0.62659454,0.011124644,0.018525068,97.04353
19,1,main,"Downstream
C19-C26",15,0.542501,0.018053934,0.025107786,95.37184
20,2,main,"Downstream
C19-C26",16,0.6944509,0.012322458,0.017046578,97.54531
21,3,main,"Downstream
C19-C26",17,0.63732225,0.009214506,0.013312649,97.91116
22,1,main,"Downstream
C19-C26",17,0.5393853,0.017481467,0.026577786,95.07258
23,2,main,"Downstream
C19-C26",18,0.69944465,0.022185253,0.032132752,95.40596
24,3,main,"Downstream
C19-C26",18,0.636465,0.024507692,0.0342396,94.620346
25,1,main,"Downstream
C19-C26",19,0.5360753,0.0103849815,0.013053548,97.56498
26,2,main,"Downstream
C19-C26",19,0.7060122,0.016814,0.027956367,96.040245
27,3,spur,"End spur
C27-C31",16,0.62722564,0.012730968,0.017246658,97.25033
28,1,spur,"End spur
C27-C31",16,0.540598,0.013277187,0.017798573,96.70761
29,2,spur,"End spur
C27-C31",17,0.692356,0.018665245,0.026176808,96.21917
30,3,spur,"End spur
C27-C31",18,0.63287365,0.012242056,0.01966765,96.89233
31,1,spur,"End spur
C27-C31",19,0.5344858,0.013176073,0.016672982,96.880554
